item_id,reviewer_id,premise_adherent,comprehensible,plot_distinct,confidence,notes
item_c2eedade5a4aab7b86b2acab,,,,,,
item_c0ce1f937499bc9f0c367642,,,,,,
item_8290133d48943752c5decca2,,,,,,
item_c3d270a1422e5b238c38a8eb,,,,,,
item_d71c7d808dd6391f055027e2,,,,,,
item_90302e75519d29f612a4e291,,,,,,
item_5f0927ca6543ec6df012654e,,,,,,
item_ad7ea110b8649180e8cd0353,,,,,,
item_8596906d8ccc38f54614e71a,,,,,,
item_d7925b542ed9ead391284705,,,,,,
item_4a4e9702f95740036cec9623,,,,,,
item_22fdeea0b9578880bd47772e,,,,,,
item_344f7e691b4d7672d670a119,,,,,,
item_7490571d8f6c4e0a712212e6,,,,,,
item_4ef96e6acf2b19c1e6286250,,,,,,
item_660a5eb391fe55a7bd8382d2,,,,,,
item_63dc718ad288dc98327630e0,,,,,,
item_35676a099e9524a934292031,,,,,,
item_8922506585238fc2bdea186d,,,,,,
item_5d3215398c9b75bfc2adca13,,,,,,
item_2ab23560c6597d98da632f17,,,,,,
item_c64434e33c0a397bfafb8656,,,,,,
item_708dda404103323bf17d5e18,,,,,,
item_093c58f0c4c9a1bfa4a0063e,,,,,,
item_75361d9936eb72ba3d8dbcad,,,,,,
item_cef24727cb2cbdc13b441e7a,,,,,,
item_a39c5244387839e35454afc3,,,,,,
item_e11ce24f07937c7266b8e50a,,,,,,
item_b3653a1a96b45c994c4d85bb,,,,,,
item_8cc7072f6844787b5720cfcf,,,,,,
item_2e254ae3cc6ab0731478fbd4,,,,,,
item_ce607a45de9391635fb488fe,,,,,,
item_841712e69aaeb52cd0ca4441,,,,,,
